{
  "src": [
    "drums.webm",
    "drums.mp3"
  ],
  "sprite": {
    "clap": [
      0,
      272.1995464852608
    ],
    "closed_hi_hat": [
      2000,
      139.31972789115665
    ],
    "crash": [
      4000,
      42.448979591836355
    ],
    "kick": [
      6000,
      431.4285714285715
    ],
    "open_hi_hat": [
      8000,
      156.73469387755114
    ],
    "snare": [
      10000,
      109.56916099773295
    ]
  }
}